user_id;post_id;comment_id;reaction_type;created_at
21;1;NULL;'sad';2025-04-16 15:30:21
50;1;NULL;'sad';2025-04-16 15:30:21
24;1;NULL;'sad';2025-04-16 15:30:21
4;1;NULL;'wow';2025-04-16 15:30:21
16;1;NULL;'sad';2025-04-16 15:30:21
5;1;NULL;'wow';2025-04-16 15:30:21
12;1;NULL;'love';2025-04-16 15:30:21
19;1;NULL;'angry';2025-04-16 15:30:21
46;NULL;1;'wow';2025-04-16 15:30:21
16;NULL;1;'like';2025-04-16 15:30:21
48;NULL;1;'haha';2025-04-16 15:30:21
48;NULL;1;'angry';2025-04-16 15:30:21
6;NULL;1;'sad';2025-04-16 15:30:21
37;NULL;1;'angry';2025-04-16 15:30:21
21;NULL;1;'haha';2025-04-16 15:30:21
30;NULL;1;'like';2025-04-16 15:30:21
1;NULL;1;'sad';2025-04-16 15:30:21
19;NULL;2;'angry';2025-04-16 15:30:21
22;NULL;3;'haha';2025-04-16 15:30:21
26;NULL;3;'wow';2025-04-16 15:30:21
17;NULL;3;'haha';2025-04-16 15:30:21
44;NULL;3;'sad';2025-04-16 15:30:21
41;NULL;3;'wow';2025-04-16 15:30:21
22;NULL;4;'angry';2025-04-16 15:30:21
38;NULL;4;'angry';2025-04-16 15:30:21
14;NULL;4;'love';2025-04-16 15:30:21
41;NULL;4;'love';2025-04-16 15:30:21
42;NULL;4;'angry';2025-04-16 15:30:21
35;NULL;5;'like';2025-04-16 15:30:21
20;NULL;5;'like';2025-04-16 15:30:21
49;NULL;5;'angry';2025-04-16 15:30:21
16;NULL;5;'sad';2025-04-16 15:30:21
7;NULL;5;'angry';2025-04-16 15:30:21
19;NULL;5;'like';2025-04-16 15:30:21
22;NULL;5;'haha';2025-04-16 15:30:21
37;NULL;5;'angry';2025-04-16 15:30:21
35;NULL;5;'angry';2025-04-16 15:30:21
50;NULL;6;'wow';2025-04-16 15:30:21
43;NULL;6;'angry';2025-04-16 15:30:21
31;NULL;6;'sad';2025-04-16 15:30:21
35;NULL;7;'sad';2025-04-16 15:30:21
8;NULL;7;'wow';2025-04-16 15:30:21
3;2;NULL;'love';2025-04-16 15:30:21
40;2;NULL;'wow';2025-04-16 15:30:21
40;2;NULL;'love';2025-04-16 15:30:21
13;2;NULL;'angry';2025-04-16 15:30:21
28;2;NULL;'angry';2025-04-16 15:30:21
21;NULL;8;'haha';2025-04-16 15:30:21
36;NULL;8;'sad';2025-04-16 15:30:21
17;NULL;8;'like';2025-04-16 15:30:21
45;NULL;9;'angry';2025-04-16 15:30:21
29;NULL;10;'angry';2025-04-16 15:30:21
50;NULL;10;'like';2025-04-16 15:30:21
9;NULL;10;'wow';2025-04-16 15:30:21
35;NULL;10;'like';2025-04-16 15:30:21
34;NULL;10;'like';2025-04-16 15:30:21
36;NULL;11;'haha';2025-04-16 15:30:21
12;NULL;11;'like';2025-04-16 15:30:21
22;NULL;11;'love';2025-04-16 15:30:21
45;NULL;11;'sad';2025-04-16 15:30:21
2;3;NULL;'haha';2025-04-16 15:30:21
9;3;NULL;'sad';2025-04-16 15:30:21
29;3;NULL;'love';2025-04-16 15:30:21
47;3;NULL;'sad';2025-04-16 15:30:21
49;3;NULL;'sad';2025-04-16 15:30:21
33;NULL;12;'sad';2025-04-16 15:30:21
11;NULL;12;'haha';2025-04-16 15:30:21
6;NULL;12;'wow';2025-04-16 15:30:21
31;NULL;13;'like';2025-04-16 15:30:21
27;NULL;14;'haha';2025-04-16 15:30:21
21;NULL;14;'angry';2025-04-16 15:30:21
9;NULL;14;'angry';2025-04-16 15:30:21
41;NULL;14;'wow';2025-04-16 15:30:21
22;NULL;14;'love';2025-04-16 15:30:21
7;NULL;14;'like';2025-04-16 15:30:21
31;NULL;15;'sad';2025-04-16 15:30:21
27;NULL;15;'haha';2025-04-16 15:30:21
24;NULL;15;'like';2025-04-16 15:30:21
23;NULL;15;'haha';2025-04-16 15:30:21
17;NULL;16;'wow';2025-04-16 15:30:21
19;NULL;16;'haha';2025-04-16 15:30:21
32;NULL;16;'love';2025-04-16 15:30:21
49;NULL;16;'love';2025-04-16 15:30:21
19;NULL;16;'like';2025-04-16 15:30:21
48;NULL;16;'like';2025-04-16 15:30:21
11;NULL;16;'wow';2025-04-16 15:30:21
41;NULL;16;'angry';2025-04-16 15:30:21
2;NULL;16;'angry';2025-04-16 15:30:21
20;NULL;16;'sad';2025-04-16 15:30:21
14;NULL;17;'haha';2025-04-16 15:30:21
18;NULL;17;'angry';2025-04-16 15:30:21
7;NULL;18;'angry';2025-04-16 15:30:21
11;NULL;18;'wow';2025-04-16 15:30:21
8;NULL;18;'haha';2025-04-16 15:30:21
45;NULL;18;'love';2025-04-16 15:30:21
25;NULL;18;'like';2025-04-16 15:30:21
7;NULL;18;'like';2025-04-16 15:30:21
28;NULL;19;'haha';2025-04-16 15:30:21
10;NULL;19;'wow';2025-04-16 15:30:21
42;NULL;19;'angry';2025-04-16 15:30:21
11;NULL;19;'sad';2025-04-16 15:30:21
38;NULL;19;'like';2025-04-16 15:30:21
47;NULL;19;'haha';2025-04-16 15:30:21
30;NULL;19;'love';2025-04-16 15:30:21
7;NULL;19;'love';2025-04-16 15:30:21
3;NULL;20;'haha';2025-04-16 15:30:21
2;4;NULL;'angry';2025-04-16 15:30:21
25;NULL;21;'haha';2025-04-16 15:30:21
48;NULL;21;'love';2025-04-16 15:30:21
10;NULL;21;'angry';2025-04-16 15:30:21
42;NULL;21;'sad';2025-04-16 15:30:21
50;NULL;21;'haha';2025-04-16 15:30:21
39;NULL;21;'wow';2025-04-16 15:30:21
15;NULL;21;'love';2025-04-16 15:30:21
17;NULL;21;'like';2025-04-16 15:30:21
42;NULL;21;'love';2025-04-16 15:30:21
24;NULL;21;'haha';2025-04-16 15:30:21
38;NULL;22;'angry';2025-04-16 15:30:21
42;5;NULL;'haha';2025-04-16 15:30:21
32;5;NULL;'haha';2025-04-16 15:30:21
41;5;NULL;'sad';2025-04-16 15:30:21
41;5;NULL;'wow';2025-04-16 15:30:21
11;5;NULL;'wow';2025-04-16 15:30:21
44;5;NULL;'like';2025-04-16 15:30:21
50;5;NULL;'like';2025-04-16 15:30:21
20;NULL;23;'wow';2025-04-16 15:30:21
6;NULL;23;'like';2025-04-16 15:30:21
13;NULL;24;'sad';2025-04-16 15:30:21
24;NULL;24;'love';2025-04-16 15:30:21
47;NULL;24;'love';2025-04-16 15:30:21
43;NULL;24;'love';2025-04-16 15:30:21
45;NULL;24;'like';2025-04-16 15:30:21
27;NULL;24;'haha';2025-04-16 15:30:21
9;NULL;25;'sad';2025-04-16 15:30:21
2;NULL;25;'angry';2025-04-16 15:30:21
2;NULL;25;'haha';2025-04-16 15:30:21
12;NULL;25;'sad';2025-04-16 15:30:21
32;NULL;25;'like';2025-04-16 15:30:21
12;NULL;25;'sad';2025-04-16 15:30:21
8;NULL;25;'love';2025-04-16 15:30:21
19;NULL;25;'angry';2025-04-16 15:30:21
11;6;NULL;'love';2025-04-16 15:30:21
7;6;NULL;'like';2025-04-16 15:30:21
8;6;NULL;'sad';2025-04-16 15:30:21
40;6;NULL;'love';2025-04-16 15:30:21
37;6;NULL;'angry';2025-04-16 15:30:21
49;NULL;26;'like';2025-04-16 15:30:21
20;NULL;26;'angry';2025-04-16 15:30:21
15;NULL;26;'like';2025-04-16 15:30:21
24;NULL;26;'angry';2025-04-16 15:30:21
26;NULL;26;'angry';2025-04-16 15:30:21
11;NULL;26;'angry';2025-04-16 15:30:21
8;NULL;26;'love';2025-04-16 15:30:21
15;NULL;27;'love';2025-04-16 15:30:21
6;NULL;27;'wow';2025-04-16 15:30:21
16;NULL;27;'wow';2025-04-16 15:30:21
11;NULL;27;'haha';2025-04-16 15:30:21
43;NULL;27;'like';2025-04-16 15:30:21
12;NULL;27;'wow';2025-04-16 15:30:21
11;NULL;27;'sad';2025-04-16 15:30:21
13;NULL;27;'love';2025-04-16 15:30:21
17;NULL;27;'angry';2025-04-16 15:30:21
12;NULL;27;'haha';2025-04-16 15:30:21
45;NULL;28;'angry';2025-04-16 15:30:21
48;NULL;28;'sad';2025-04-16 15:30:21
24;NULL;29;'angry';2025-04-16 15:30:21
43;NULL;29;'wow';2025-04-16 15:30:21
45;NULL;29;'wow';2025-04-16 15:30:21
28;NULL;29;'like';2025-04-16 15:30:21
50;NULL;29;'sad';2025-04-16 15:30:21
16;NULL;29;'wow';2025-04-16 15:30:21
31;NULL;29;'angry';2025-04-16 15:30:21
24;NULL;30;'angry';2025-04-16 15:30:21
7;NULL;30;'angry';2025-04-16 15:30:21
19;NULL;30;'like';2025-04-16 15:30:21
22;NULL;30;'haha';2025-04-16 15:30:21
20;NULL;31;'sad';2025-04-16 15:30:21
26;NULL;31;'like';2025-04-16 15:30:21
25;NULL;31;'like';2025-04-16 15:30:21
29;NULL;31;'angry';2025-04-16 15:30:21
17;NULL;31;'like';2025-04-16 15:30:21
18;NULL;31;'haha';2025-04-16 15:30:21
4;NULL;32;'sad';2025-04-16 15:30:21
16;NULL;32;'wow';2025-04-16 15:30:21
31;NULL;33;'angry';2025-04-16 15:30:21
10;NULL;33;'love';2025-04-16 15:30:21
50;NULL;33;'haha';2025-04-16 15:30:21
32;NULL;33;'sad';2025-04-16 15:30:21
23;NULL;33;'like';2025-04-16 15:30:21
15;NULL;33;'haha';2025-04-16 15:30:21
39;NULL;33;'haha';2025-04-16 15:30:21
48;NULL;34;'love';2025-04-16 15:30:21
35;7;NULL;'angry';2025-04-16 15:30:21
9;7;NULL;'angry';2025-04-16 15:30:21
3;7;NULL;'like';2025-04-16 15:30:21
47;7;NULL;'sad';2025-04-16 15:30:21
1;7;NULL;'haha';2025-04-16 15:30:21
46;7;NULL;'haha';2025-04-16 15:30:21
50;7;NULL;'love';2025-04-16 15:30:21
39;NULL;35;'like';2025-04-16 15:30:21
5;NULL;35;'sad';2025-04-16 15:30:21
46;NULL;36;'sad';2025-04-16 15:30:21
25;NULL;36;'like';2025-04-16 15:30:21
44;NULL;36;'sad';2025-04-16 15:30:21
23;NULL;36;'sad';2025-04-16 15:30:21
42;NULL;36;'haha';2025-04-16 15:30:21
32;NULL;36;'wow';2025-04-16 15:30:21
24;NULL;36;'sad';2025-04-16 15:30:21
24;NULL;36;'angry';2025-04-16 15:30:21
6;NULL;36;'wow';2025-04-16 15:30:21
31;NULL;37;'haha';2025-04-16 15:30:21
48;NULL;37;'angry';2025-04-16 15:30:21
12;NULL;37;'haha';2025-04-16 15:30:21
36;NULL;37;'wow';2025-04-16 15:30:21
25;NULL;37;'angry';2025-04-16 15:30:21
47;NULL;38;'love';2025-04-16 15:30:21
24;NULL;38;'wow';2025-04-16 15:30:21
33;NULL;38;'sad';2025-04-16 15:30:21
43;NULL;38;'haha';2025-04-16 15:30:21
49;NULL;39;'like';2025-04-16 15:30:21
16;NULL;39;'haha';2025-04-16 15:30:21
6;NULL;39;'haha';2025-04-16 15:30:21
44;NULL;39;'haha';2025-04-16 15:30:21
43;NULL;40;'love';2025-04-16 15:30:21
22;NULL;40;'wow';2025-04-16 15:30:21
36;NULL;40;'haha';2025-04-16 15:30:21
34;NULL;41;'sad';2025-04-16 15:30:21
15;NULL;41;'like';2025-04-16 15:30:21
24;NULL;41;'love';2025-04-16 15:30:21
43;NULL;41;'haha';2025-04-16 15:30:21
28;NULL;42;'like';2025-04-16 15:30:21
41;NULL;42;'wow';2025-04-16 15:30:21
29;NULL;42;'like';2025-04-16 15:30:21
26;NULL;42;'haha';2025-04-16 15:30:21
29;NULL;42;'wow';2025-04-16 15:30:21
35;NULL;42;'sad';2025-04-16 15:30:21
17;NULL;42;'angry';2025-04-16 15:30:21
18;NULL;42;'wow';2025-04-16 15:30:21
32;NULL;42;'haha';2025-04-16 15:30:21
24;8;NULL;'like';2025-04-16 15:30:21
11;8;NULL;'haha';2025-04-16 15:30:21
10;8;NULL;'haha';2025-04-16 15:30:21
34;8;NULL;'sad';2025-04-16 15:30:21
15;8;NULL;'sad';2025-04-16 15:30:21
21;8;NULL;'haha';2025-04-16 15:30:21
13;8;NULL;'sad';2025-04-16 15:30:21
9;8;NULL;'wow';2025-04-16 15:30:21
43;NULL;43;'sad';2025-04-16 15:30:21
25;NULL;43;'wow';2025-04-16 15:30:21
42;NULL;43;'like';2025-04-16 15:30:21
8;NULL;43;'like';2025-04-16 15:30:21
44;NULL;44;'wow';2025-04-16 15:30:21
44;NULL;44;'love';2025-04-16 15:30:21
46;NULL;44;'love';2025-04-16 15:30:21
20;NULL;45;'angry';2025-04-16 15:30:21
35;NULL;45;'haha';2025-04-16 15:30:21
5;NULL;45;'wow';2025-04-16 15:30:21
21;NULL;45;'haha';2025-04-16 15:30:21
9;NULL;46;'sad';2025-04-16 15:30:21
3;NULL;46;'like';2025-04-16 15:30:21
32;NULL;47;'wow';2025-04-16 15:30:21
17;NULL;47;'like';2025-04-16 15:30:21
41;NULL;47;'love';2025-04-16 15:30:21
12;NULL;48;'angry';2025-04-16 15:30:21
26;NULL;48;'haha';2025-04-16 15:30:21
50;NULL;48;'haha';2025-04-16 15:30:21
35;NULL;48;'wow';2025-04-16 15:30:21
15;NULL;48;'sad';2025-04-16 15:30:21
21;NULL;48;'haha';2025-04-16 15:30:21
11;NULL;48;'haha';2025-04-16 15:30:21
37;NULL;49;'wow';2025-04-16 15:30:21
26;NULL;49;'wow';2025-04-16 15:30:21
48;NULL;50;'haha';2025-04-16 15:30:21
33;NULL;50;'wow';2025-04-16 15:30:21
13;NULL;50;'haha';2025-04-16 15:30:21
27;NULL;50;'love';2025-04-16 15:30:21
46;NULL;50;'like';2025-04-16 15:30:21
26;NULL;50;'wow';2025-04-16 15:30:21
7;NULL;50;'angry';2025-04-16 15:30:21
37;NULL;50;'like';2025-04-16 15:30:21
15;NULL;51;'sad';2025-04-16 15:30:21
23;NULL;51;'love';2025-04-16 15:30:21
28;NULL;51;'wow';2025-04-16 15:30:21
42;9;NULL;'love';2025-04-16 15:30:21
44;9;NULL;'like';2025-04-16 15:30:21
27;9;NULL;'angry';2025-04-16 15:30:21
26;NULL;52;'haha';2025-04-16 15:30:21
2;NULL;52;'angry';2025-04-16 15:30:21
17;NULL;52;'sad';2025-04-16 15:30:21
38;NULL;52;'angry';2025-04-16 15:30:21
14;NULL;52;'love';2025-04-16 15:30:21
2;NULL;52;'sad';2025-04-16 15:30:21
39;NULL;52;'like';2025-04-16 15:30:21
19;NULL;53;'haha';2025-04-16 15:30:21
49;NULL;53;'like';2025-04-16 15:30:21
20;NULL;53;'wow';2025-04-16 15:30:21
6;NULL;53;'like';2025-04-16 15:30:21
16;NULL;53;'haha';2025-04-16 15:30:21
19;NULL;53;'wow';2025-04-16 15:30:21
10;NULL;53;'haha';2025-04-16 15:30:21
35;NULL;54;'like';2025-04-16 15:30:21
26;NULL;54;'wow';2025-04-16 15:30:21
13;NULL;54;'sad';2025-04-16 15:30:21
20;NULL;55;'like';2025-04-16 15:30:21
15;NULL;55;'wow';2025-04-16 15:30:21
27;NULL;55;'wow';2025-04-16 15:30:21
49;NULL;55;'sad';2025-04-16 15:30:21
29;NULL;55;'wow';2025-04-16 15:30:21
48;NULL;55;'like';2025-04-16 15:30:21
2;NULL;55;'angry';2025-04-16 15:30:21
46;NULL;56;'angry';2025-04-16 15:30:21
12;NULL;56;'sad';2025-04-16 15:30:21
11;NULL;56;'like';2025-04-16 15:30:21
16;NULL;56;'sad';2025-04-16 15:30:21
12;NULL;56;'wow';2025-04-16 15:30:21
21;NULL;56;'like';2025-04-16 15:30:21
48;NULL;57;'love';2025-04-16 15:30:21
9;10;NULL;'angry';2025-04-16 15:30:21
41;10;NULL;'sad';2025-04-16 15:30:21
42;10;NULL;'love';2025-04-16 15:30:21
1;10;NULL;'sad';2025-04-16 15:30:21
28;10;NULL;'love';2025-04-16 15:30:21
17;10;NULL;'angry';2025-04-16 15:30:21
31;10;NULL;'like';2025-04-16 15:30:21
13;10;NULL;'haha';2025-04-16 15:30:21
4;NULL;58;'angry';2025-04-16 15:30:21
19;NULL;58;'wow';2025-04-16 15:30:21
14;NULL;58;'wow';2025-04-16 15:30:21
7;NULL;59;'wow';2025-04-16 15:30:21
38;NULL;59;'sad';2025-04-16 15:30:21
38;NULL;59;'like';2025-04-16 15:30:21
25;NULL;59;'angry';2025-04-16 15:30:21
23;NULL;59;'sad';2025-04-16 15:30:21
6;NULL;60;'love';2025-04-16 15:30:21
9;NULL;60;'like';2025-04-16 15:30:21
31;NULL;60;'sad';2025-04-16 15:30:21
19;NULL;60;'haha';2025-04-16 15:30:21
9;NULL;60;'angry';2025-04-16 15:30:21
20;NULL;60;'like';2025-04-16 15:30:21
43;11;NULL;'wow';2025-04-16 15:30:21
5;11;NULL;'sad';2025-04-16 15:30:21
30;11;NULL;'sad';2025-04-16 15:30:21
23;11;NULL;'love';2025-04-16 15:30:21
18;11;NULL;'wow';2025-04-16 15:30:21
27;11;NULL;'love';2025-04-16 15:30:21
4;11;NULL;'wow';2025-04-16 15:30:21
43;11;NULL;'haha';2025-04-16 15:30:21
48;11;NULL;'love';2025-04-16 15:30:21
43;NULL;61;'angry';2025-04-16 15:30:21
25;NULL;61;'wow';2025-04-16 15:30:21
1;NULL;61;'love';2025-04-16 15:30:21
42;NULL;61;'love';2025-04-16 15:30:21
45;NULL;61;'like';2025-04-16 15:30:21
45;NULL;61;'wow';2025-04-16 15:30:21
3;NULL;61;'haha';2025-04-16 15:30:21
26;NULL;62;'love';2025-04-16 15:30:21
27;NULL;62;'like';2025-04-16 15:30:21
42;NULL;62;'love';2025-04-16 15:30:21
22;NULL;62;'haha';2025-04-16 15:30:21
27;NULL;62;'like';2025-04-16 15:30:21
3;NULL;62;'haha';2025-04-16 15:30:21
40;NULL;63;'haha';2025-04-16 15:30:21
19;NULL;63;'haha';2025-04-16 15:30:21
14;NULL;63;'like';2025-04-16 15:30:21
16;NULL;63;'love';2025-04-16 15:30:21
3;NULL;63;'sad';2025-04-16 15:30:21
34;NULL;63;'haha';2025-04-16 15:30:21
36;NULL;64;'sad';2025-04-16 15:30:21
49;NULL;64;'love';2025-04-16 15:30:21
1;NULL;64;'love';2025-04-16 15:30:21
13;NULL;65;'wow';2025-04-16 15:30:21
16;NULL;65;'angry';2025-04-16 15:30:21
34;NULL;65;'like';2025-04-16 15:30:21
45;NULL;65;'haha';2025-04-16 15:30:21
23;NULL;65;'love';2025-04-16 15:30:21
14;NULL;65;'haha';2025-04-16 15:30:21
24;NULL;65;'like';2025-04-16 15:30:21
1;NULL;66;'haha';2025-04-16 15:30:21
48;NULL;67;'sad';2025-04-16 15:30:21
31;NULL;67;'wow';2025-04-16 15:30:21
10;NULL;67;'love';2025-04-16 15:30:21
34;NULL;67;'love';2025-04-16 15:30:21
6;NULL;67;'haha';2025-04-16 15:30:21
21;NULL;67;'sad';2025-04-16 15:30:21
42;NULL;67;'sad';2025-04-16 15:30:21
21;NULL;67;'angry';2025-04-16 15:30:21
3;NULL;67;'wow';2025-04-16 15:30:21
31;NULL;67;'wow';2025-04-16 15:30:21
35;NULL;68;'like';2025-04-16 15:30:21
26;NULL;68;'angry';2025-04-16 15:30:21
3;NULL;68;'haha';2025-04-16 15:30:21
2;NULL;68;'haha';2025-04-16 15:30:21
37;NULL;68;'sad';2025-04-16 15:30:21
44;NULL;68;'like';2025-04-16 15:30:21
42;NULL;68;'like';2025-04-16 15:30:21
38;NULL;68;'wow';2025-04-16 15:30:21
41;NULL;68;'like';2025-04-16 15:30:21
32;NULL;68;'love';2025-04-16 15:30:21
9;12;NULL;'sad';2025-04-16 15:30:21
19;12;NULL;'sad';2025-04-16 15:30:21
10;12;NULL;'haha';2025-04-16 15:30:21
27;NULL;69;'angry';2025-04-16 15:30:21
14;NULL;69;'haha';2025-04-16 15:30:21
37;NULL;69;'sad';2025-04-16 15:30:21
25;NULL;69;'haha';2025-04-16 15:30:21
10;NULL;70;'like';2025-04-16 15:30:21
22;NULL;70;'angry';2025-04-16 15:30:21
24;NULL;71;'haha';2025-04-16 15:30:21
40;NULL;71;'wow';2025-04-16 15:30:21
23;NULL;71;'angry';2025-04-16 15:30:21
36;NULL;71;'haha';2025-04-16 15:30:21
6;NULL;71;'sad';2025-04-16 15:30:21
31;NULL;71;'like';2025-04-16 15:30:21
31;NULL;72;'haha';2025-04-16 15:30:21
40;NULL;72;'love';2025-04-16 15:30:21
4;NULL;72;'haha';2025-04-16 15:30:21
20;NULL;73;'sad';2025-04-16 15:30:21
36;NULL;73;'haha';2025-04-16 15:30:21
18;NULL;73;'love';2025-04-16 15:30:21
4;13;NULL;'love';2025-04-16 15:30:21
46;13;NULL;'sad';2025-04-16 15:30:21
44;13;NULL;'sad';2025-04-16 15:30:21
20;13;NULL;'like';2025-04-16 15:30:21
19;13;NULL;'love';2025-04-16 15:30:21
3;13;NULL;'angry';2025-04-16 15:30:21
43;13;NULL;'sad';2025-04-16 15:30:21
6;13;NULL;'angry';2025-04-16 15:30:21
41;13;NULL;'angry';2025-04-16 15:30:21
27;NULL;74;'angry';2025-04-16 15:30:21
35;NULL;74;'haha';2025-04-16 15:30:21
44;NULL;74;'haha';2025-04-16 15:30:21
29;NULL;74;'like';2025-04-16 15:30:21
30;NULL;74;'love';2025-04-16 15:30:21
11;NULL;74;'angry';2025-04-16 15:30:21
48;NULL;74;'like';2025-04-16 15:30:21
11;NULL;75;'like';2025-04-16 15:30:21
38;NULL;75;'like';2025-04-16 15:30:21
38;NULL;75;'angry';2025-04-16 15:30:21
48;NULL;75;'like';2025-04-16 15:30:21
5;NULL;75;'love';2025-04-16 15:30:21
24;NULL;76;'love';2025-04-16 15:30:21
35;NULL;76;'like';2025-04-16 15:30:21
19;NULL;76;'haha';2025-04-16 15:30:21
42;NULL;76;'wow';2025-04-16 15:30:21
22;NULL;76;'like';2025-04-16 15:30:21
41;NULL;76;'sad';2025-04-16 15:30:21
50;NULL;76;'like';2025-04-16 15:30:21
23;NULL;76;'wow';2025-04-16 15:30:21
33;NULL;77;'wow';2025-04-16 15:30:21
25;NULL;77;'like';2025-04-16 15:30:21
2;NULL;77;'sad';2025-04-16 15:30:21
7;NULL;77;'sad';2025-04-16 15:30:21
41;NULL;77;'wow';2025-04-16 15:30:21
26;NULL;77;'angry';2025-04-16 15:30:21
16;NULL;77;'haha';2025-04-16 15:30:21
19;NULL;77;'haha';2025-04-16 15:30:21
2;NULL;78;'wow';2025-04-16 15:30:21
17;NULL;78;'love';2025-04-16 15:30:21
17;NULL;78;'haha';2025-04-16 15:30:21
23;NULL;78;'love';2025-04-16 15:30:21
34;NULL;78;'love';2025-04-16 15:30:21
42;NULL;78;'love';2025-04-16 15:30:21
35;NULL;78;'wow';2025-04-16 15:30:21
41;NULL;78;'wow';2025-04-16 15:30:21
31;NULL;79;'sad';2025-04-16 15:30:21
20;NULL;79;'wow';2025-04-16 15:30:21
48;NULL;79;'sad';2025-04-16 15:30:21
36;NULL;79;'wow';2025-04-16 15:30:21
34;NULL;79;'haha';2025-04-16 15:30:21
32;NULL;79;'love';2025-04-16 15:30:21
40;NULL;79;'haha';2025-04-16 15:30:21
41;NULL;79;'like';2025-04-16 15:30:21
19;NULL;79;'love';2025-04-16 15:30:21
3;14;NULL;'angry';2025-04-16 15:30:21
8;14;NULL;'like';2025-04-16 15:30:21
42;14;NULL;'angry';2025-04-16 15:30:21
22;14;NULL;'sad';2025-04-16 15:30:21
4;14;NULL;'wow';2025-04-16 15:30:21
33;14;NULL;'wow';2025-04-16 15:30:21
27;14;NULL;'haha';2025-04-16 15:30:21
20;14;NULL;'wow';2025-04-16 15:30:21
9;NULL;80;'haha';2025-04-16 15:30:21
5;NULL;80;'sad';2025-04-16 15:30:21
12;NULL;80;'angry';2025-04-16 15:30:21
22;NULL;80;'like';2025-04-16 15:30:21
15;NULL;80;'wow';2025-04-16 15:30:21
26;NULL;80;'sad';2025-04-16 15:30:21
25;NULL;80;'like';2025-04-16 15:30:21
22;NULL;80;'wow';2025-04-16 15:30:21
49;NULL;81;'wow';2025-04-16 15:30:21
26;NULL;81;'haha';2025-04-16 15:30:21
49;NULL;81;'angry';2025-04-16 15:30:21
48;NULL;81;'sad';2025-04-16 15:30:21
8;NULL;81;'like';2025-04-16 15:30:21
33;NULL;81;'wow';2025-04-16 15:30:21
34;NULL;81;'love';2025-04-16 15:30:21
11;NULL;81;'love';2025-04-16 15:30:21
47;NULL;82;'like';2025-04-16 15:30:21
32;NULL;82;'sad';2025-04-16 15:30:21
36;NULL;83;'like';2025-04-16 15:30:21
10;NULL;83;'angry';2025-04-16 15:30:21
40;NULL;83;'sad';2025-04-16 15:30:21
34;NULL;83;'wow';2025-04-16 15:30:21
36;NULL;83;'love';2025-04-16 15:30:21
16;NULL;84;'haha';2025-04-16 15:30:21
8;NULL;84;'sad';2025-04-16 15:30:21
15;NULL;85;'angry';2025-04-16 15:30:21
9;NULL;85;'angry';2025-04-16 15:30:21
30;NULL;85;'like';2025-04-16 15:30:21
22;NULL;85;'sad';2025-04-16 15:30:21
3;NULL;85;'sad';2025-04-16 15:30:21
35;NULL;85;'love';2025-04-16 15:30:21
13;NULL;85;'like';2025-04-16 15:30:21
39;NULL;86;'love';2025-04-16 15:30:21
10;NULL;86;'wow';2025-04-16 15:30:21
42;NULL;86;'angry';2025-04-16 15:30:21
19;NULL;86;'like';2025-04-16 15:30:21
4;NULL;86;'angry';2025-04-16 15:30:21
28;NULL;86;'angry';2025-04-16 15:30:21
22;NULL;86;'like';2025-04-16 15:30:21
33;15;NULL;'wow';2025-04-16 15:30:21
4;15;NULL;'like';2025-04-16 15:30:21
42;15;NULL;'angry';2025-04-16 15:30:21
26;15;NULL;'like';2025-04-16 15:30:21
35;15;NULL;'sad';2025-04-16 15:30:21
25;15;NULL;'haha';2025-04-16 15:30:21
6;15;NULL;'haha';2025-04-16 15:30:21
48;NULL;87;'haha';2025-04-16 15:30:21
11;NULL;87;'haha';2025-04-16 15:30:21
11;NULL;87;'angry';2025-04-16 15:30:21
42;NULL;88;'sad';2025-04-16 15:30:21
7;NULL;88;'wow';2025-04-16 15:30:21
9;NULL;88;'wow';2025-04-16 15:30:21
23;NULL;89;'wow';2025-04-16 15:30:21
32;NULL;89;'sad';2025-04-16 15:30:21
26;NULL;89;'sad';2025-04-16 15:30:21
40;NULL;89;'love';2025-04-16 15:30:21
2;NULL;90;'wow';2025-04-16 15:30:21
48;NULL;90;'like';2025-04-16 15:30:21
19;NULL;90;'wow';2025-04-16 15:30:21
46;NULL;90;'sad';2025-04-16 15:30:21
48;NULL;90;'love';2025-04-16 15:30:21
39;NULL;91;'love';2025-04-16 15:30:21
14;NULL;91;'angry';2025-04-16 15:30:21
21;NULL;91;'haha';2025-04-16 15:30:21
18;NULL;91;'sad';2025-04-16 15:30:21
30;NULL;91;'like';2025-04-16 15:30:21
26;NULL;92;'haha';2025-04-16 15:30:21
26;NULL;92;'like';2025-04-16 15:30:21
30;NULL;92;'like';2025-04-16 15:30:21
8;NULL;92;'love';2025-04-16 15:30:21
39;NULL;92;'like';2025-04-16 15:30:21
25;NULL;93;'angry';2025-04-16 15:30:21
49;NULL;93;'angry';2025-04-16 15:30:21
19;NULL;93;'haha';2025-04-16 15:30:21
22;NULL;93;'love';2025-04-16 15:30:21
29;16;NULL;'angry';2025-04-16 15:30:21
17;16;NULL;'love';2025-04-16 15:30:21
37;16;NULL;'love';2025-04-16 15:30:21
37;16;NULL;'like';2025-04-16 15:30:21
25;16;NULL;'sad';2025-04-16 15:30:21
32;16;NULL;'haha';2025-04-16 15:30:21
25;16;NULL;'haha';2025-04-16 15:30:21
7;16;NULL;'haha';2025-04-16 15:30:21
46;NULL;94;'wow';2025-04-16 15:30:21
8;NULL;94;'angry';2025-04-16 15:30:21
19;NULL;94;'like';2025-04-16 15:30:21
17;NULL;94;'haha';2025-04-16 15:30:21
5;NULL;95;'wow';2025-04-16 15:30:21
21;NULL;95;'haha';2025-04-16 15:30:21
40;NULL;95;'like';2025-04-16 15:30:21
16;NULL;95;'sad';2025-04-16 15:30:21
44;NULL;95;'love';2025-04-16 15:30:21
46;NULL;95;'wow';2025-04-16 15:30:21
38;NULL;95;'haha';2025-04-16 15:30:21
23;NULL;95;'angry';2025-04-16 15:30:21
45;NULL;96;'like';2025-04-16 15:30:21
26;NULL;96;'haha';2025-04-16 15:30:21
46;NULL;96;'angry';2025-04-16 15:30:21
8;NULL;96;'angry';2025-04-16 15:30:21
50;NULL;96;'love';2025-04-16 15:30:21
20;NULL;96;'like';2025-04-16 15:30:21
36;NULL;96;'love';2025-04-16 15:30:21
15;NULL;96;'haha';2025-04-16 15:30:21
15;NULL;96;'sad';2025-04-16 15:30:21
3;NULL;97;'sad';2025-04-16 15:30:21
14;NULL;97;'love';2025-04-16 15:30:21
32;NULL;97;'angry';2025-04-16 15:30:21
47;17;NULL;'angry';2025-04-16 15:30:21
5;17;NULL;'angry';2025-04-16 15:30:21
11;17;NULL;'love';2025-04-16 15:30:21
15;17;NULL;'wow';2025-04-16 15:30:21
7;NULL;98;'haha';2025-04-16 15:30:21
29;NULL;98;'love';2025-04-16 15:30:21
50;NULL;98;'wow';2025-04-16 15:30:21
34;NULL;99;'wow';2025-04-16 15:30:21
31;NULL;99;'wow';2025-04-16 15:30:21
34;NULL;99;'wow';2025-04-16 15:30:21
18;NULL;100;'haha';2025-04-16 15:30:21
1;NULL;100;'sad';2025-04-16 15:30:21
41;NULL;100;'sad';2025-04-16 15:30:21
46;NULL;101;'sad';2025-04-16 15:30:21
21;NULL;101;'sad';2025-04-16 15:30:21
6;NULL;101;'angry';2025-04-16 15:30:21
22;NULL;101;'like';2025-04-16 15:30:21
6;NULL;101;'like';2025-04-16 15:30:21
19;NULL;101;'love';2025-04-16 15:30:21
17;NULL;101;'love';2025-04-16 15:30:21
42;NULL;102;'like';2025-04-16 15:30:21
45;NULL;102;'like';2025-04-16 15:30:21
50;NULL;102;'like';2025-04-16 15:30:21
36;NULL;102;'angry';2025-04-16 15:30:21
9;NULL;102;'angry';2025-04-16 15:30:21
46;NULL;102;'sad';2025-04-16 15:30:21
14;NULL;102;'angry';2025-04-16 15:30:21
49;NULL;102;'angry';2025-04-16 15:30:21
28;NULL;103;'wow';2025-04-16 15:30:21
30;NULL;103;'love';2025-04-16 15:30:21
43;NULL;103;'angry';2025-04-16 15:30:21
17;NULL;103;'wow';2025-04-16 15:30:21
10;NULL;103;'like';2025-04-16 15:30:21
21;NULL;103;'haha';2025-04-16 15:30:21
33;NULL;103;'love';2025-04-16 15:30:21
32;NULL;103;'angry';2025-04-16 15:30:21
27;NULL;103;'sad';2025-04-16 15:30:21
34;18;NULL;'haha';2025-04-16 15:30:21
49;18;NULL;'haha';2025-04-16 15:30:21
10;18;NULL;'wow';2025-04-16 15:30:21
23;18;NULL;'angry';2025-04-16 15:30:21
49;18;NULL;'sad';2025-04-16 15:30:21
24;18;NULL;'love';2025-04-16 15:30:21
41;18;NULL;'haha';2025-04-16 15:30:21
39;NULL;104;'like';2025-04-16 15:30:21
26;NULL;104;'angry';2025-04-16 15:30:21
4;NULL;104;'wow';2025-04-16 15:30:21
43;NULL;104;'wow';2025-04-16 15:30:21
15;NULL;104;'sad';2025-04-16 15:30:21
50;NULL;104;'like';2025-04-16 15:30:21
22;NULL;104;'sad';2025-04-16 15:30:21
49;NULL;105;'love';2025-04-16 15:30:21
12;NULL;105;'like';2025-04-16 15:30:21
4;NULL;105;'sad';2025-04-16 15:30:21
33;NULL;105;'angry';2025-04-16 15:30:21
48;NULL;105;'love';2025-04-16 15:30:21
10;NULL;105;'haha';2025-04-16 15:30:21
30;NULL;105;'angry';2025-04-16 15:30:21
2;NULL;106;'angry';2025-04-16 15:30:21
13;NULL;106;'wow';2025-04-16 15:30:21
44;NULL;106;'angry';2025-04-16 15:30:21
44;NULL;106;'wow';2025-04-16 15:30:21
10;NULL;106;'like';2025-04-16 15:30:21
40;NULL;106;'love';2025-04-16 15:30:21
38;NULL;106;'haha';2025-04-16 15:30:21
5;NULL;107;'haha';2025-04-16 15:30:21
42;NULL;107;'like';2025-04-16 15:30:21
41;NULL;107;'sad';2025-04-16 15:30:21
18;NULL;107;'like';2025-04-16 15:30:21
44;19;NULL;'angry';2025-04-16 15:30:21
1;19;NULL;'angry';2025-04-16 15:30:21
16;19;NULL;'wow';2025-04-16 15:30:21
4;19;NULL;'wow';2025-04-16 15:30:21
22;19;NULL;'angry';2025-04-16 15:30:21
4;19;NULL;'love';2025-04-16 15:30:21
45;19;NULL;'like';2025-04-16 15:30:21
33;NULL;108;'like';2025-04-16 15:30:21
11;NULL;108;'wow';2025-04-16 15:30:21
47;NULL;108;'love';2025-04-16 15:30:21
20;NULL;108;'haha';2025-04-16 15:30:21
10;NULL;109;'wow';2025-04-16 15:30:21
16;NULL;109;'wow';2025-04-16 15:30:21
49;NULL;109;'angry';2025-04-16 15:30:21
35;NULL;109;'wow';2025-04-16 15:30:21
4;NULL;109;'haha';2025-04-16 15:30:21
8;NULL;110;'love';2025-04-16 15:30:21
2;NULL;110;'sad';2025-04-16 15:30:21
33;NULL;110;'angry';2025-04-16 15:30:21
10;NULL;110;'wow';2025-04-16 15:30:21
7;NULL;110;'wow';2025-04-16 15:30:21
2;NULL;110;'wow';2025-04-16 15:30:21
43;NULL;110;'haha';2025-04-16 15:30:21
4;NULL;110;'love';2025-04-16 15:30:21
15;NULL;111;'like';2025-04-16 15:30:21
49;NULL;111;'sad';2025-04-16 15:30:21
45;NULL;111;'haha';2025-04-16 15:30:21
48;NULL;111;'like';2025-04-16 15:30:21
24;NULL;111;'haha';2025-04-16 15:30:21
5;NULL;111;'wow';2025-04-16 15:30:21
19;NULL;111;'love';2025-04-16 15:30:21
49;NULL;111;'love';2025-04-16 15:30:21
47;NULL;111;'like';2025-04-16 15:30:21
49;NULL;111;'sad';2025-04-16 15:30:21
42;NULL;112;'love';2025-04-16 15:30:21
40;NULL;112;'like';2025-04-16 15:30:21
47;NULL;112;'like';2025-04-16 15:30:21
18;NULL;112;'angry';2025-04-16 15:30:21
18;NULL;113;'love';2025-04-16 15:30:21
33;NULL;113;'love';2025-04-16 15:30:21
13;NULL;113;'angry';2025-04-16 15:30:21
13;NULL;113;'haha';2025-04-16 15:30:21
46;NULL;113;'sad';2025-04-16 15:30:21
18;NULL;113;'angry';2025-04-16 15:30:21
38;NULL;113;'sad';2025-04-16 15:30:21
44;NULL;113;'angry';2025-04-16 15:30:21
34;NULL;113;'wow';2025-04-16 15:30:21
25;NULL;114;'sad';2025-04-16 15:30:21
25;NULL;114;'love';2025-04-16 15:30:21
30;NULL;114;'like';2025-04-16 15:30:21
28;NULL;114;'sad';2025-04-16 15:30:21
45;NULL;114;'love';2025-04-16 15:30:21
41;NULL;114;'angry';2025-04-16 15:30:21
16;NULL;115;'sad';2025-04-16 15:30:21
34;NULL;115;'like';2025-04-16 15:30:21
45;NULL;115;'like';2025-04-16 15:30:21
5;NULL;116;'love';2025-04-16 15:30:21
7;NULL;116;'angry';2025-04-16 15:30:21
21;NULL;116;'love';2025-04-16 15:30:21
28;NULL;116;'love';2025-04-16 15:30:21
35;NULL;116;'wow';2025-04-16 15:30:21
45;NULL;116;'angry';2025-04-16 15:30:21
39;NULL;116;'sad';2025-04-16 15:30:21
35;NULL;116;'sad';2025-04-16 15:30:21
23;NULL;116;'sad';2025-04-16 15:30:21
28;NULL;116;'love';2025-04-16 15:30:21
43;20;NULL;'wow';2025-04-16 15:30:21
6;20;NULL;'haha';2025-04-16 15:30:21
32;20;NULL;'wow';2025-04-16 15:30:21
14;20;NULL;'like';2025-04-16 15:30:21
5;20;NULL;'angry';2025-04-16 15:30:21
18;NULL;117;'angry';2025-04-16 15:30:21
36;NULL;117;'sad';2025-04-16 15:30:21
45;NULL;117;'like';2025-04-16 15:30:21
45;NULL;117;'haha';2025-04-16 15:30:21
37;NULL;117;'wow';2025-04-16 15:30:21
32;NULL;117;'love';2025-04-16 15:30:21
22;NULL;117;'love';2025-04-16 15:30:21
27;NULL;117;'like';2025-04-16 15:30:21
26;NULL;118;'like';2025-04-16 15:30:21
29;NULL;118;'wow';2025-04-16 15:30:21
43;NULL;118;'sad';2025-04-16 15:30:21
48;NULL;118;'haha';2025-04-16 15:30:21
36;NULL;118;'haha';2025-04-16 15:30:21
15;NULL;119;'like';2025-04-16 15:30:21
25;NULL;119;'love';2025-04-16 15:30:21
6;NULL;119;'wow';2025-04-16 15:30:21
11;NULL;119;'sad';2025-04-16 15:30:21
47;NULL;119;'sad';2025-04-16 15:30:21
45;NULL;120;'angry';2025-04-16 15:30:21
4;21;NULL;'haha';2025-04-16 15:30:21
8;21;NULL;'love';2025-04-16 15:30:21
37;21;NULL;'haha';2025-04-16 15:30:21
15;21;NULL;'love';2025-04-16 15:30:21
2;21;NULL;'like';2025-04-16 15:30:21
16;21;NULL;'haha';2025-04-16 15:30:21
29;21;NULL;'sad';2025-04-16 15:30:21
48;21;NULL;'like';2025-04-16 15:30:21
34;21;NULL;'wow';2025-04-16 15:30:21
33;21;NULL;'haha';2025-04-16 15:30:21
2;NULL;121;'wow';2025-04-16 15:30:21
36;NULL;122;'like';2025-04-16 15:30:21
26;NULL;122;'love';2025-04-16 15:30:21
39;NULL;122;'love';2025-04-16 15:30:21
6;NULL;122;'haha';2025-04-16 15:30:21
49;NULL;123;'love';2025-04-16 15:30:21
14;NULL;123;'wow';2025-04-16 15:30:21
2;NULL;123;'love';2025-04-16 15:30:21
24;NULL;123;'like';2025-04-16 15:30:21
41;NULL;123;'like';2025-04-16 15:30:21
7;NULL;123;'like';2025-04-16 15:30:21
32;NULL;123;'haha';2025-04-16 15:30:21
33;NULL;123;'wow';2025-04-16 15:30:21
37;NULL;123;'like';2025-04-16 15:30:21
6;NULL;123;'love';2025-04-16 15:30:21
14;NULL;124;'angry';2025-04-16 15:30:21
9;NULL;125;'love';2025-04-16 15:30:21
2;NULL;125;'like';2025-04-16 15:30:21
45;NULL;125;'sad';2025-04-16 15:30:21
49;NULL;125;'haha';2025-04-16 15:30:21
28;NULL;125;'love';2025-04-16 15:30:21
11;NULL;125;'love';2025-04-16 15:30:21
1;NULL;125;'like';2025-04-16 15:30:21
18;NULL;125;'love';2025-04-16 15:30:21
23;NULL;126;'angry';2025-04-16 15:30:21
14;NULL;126;'angry';2025-04-16 15:30:21
41;NULL;126;'love';2025-04-16 15:30:21
14;NULL;126;'love';2025-04-16 15:30:21
33;NULL;127;'haha';2025-04-16 15:30:21
23;NULL;127;'sad';2025-04-16 15:30:21
12;NULL;127;'love';2025-04-16 15:30:21
20;NULL;127;'wow';2025-04-16 15:30:21
1;NULL;128;'wow';2025-04-16 15:30:21
15;NULL;128;'like';2025-04-16 15:30:21
16;NULL;128;'like';2025-04-16 15:30:21
20;NULL;128;'angry';2025-04-16 15:30:21
32;NULL;128;'sad';2025-04-16 15:30:21
27;NULL;128;'sad';2025-04-16 15:30:21
40;NULL;128;'love';2025-04-16 15:30:21
25;NULL;128;'sad';2025-04-16 15:30:21
47;NULL;128;'sad';2025-04-16 15:30:21
20;NULL;129;'angry';2025-04-16 15:30:21
7;NULL;129;'wow';2025-04-16 15:30:21
43;22;NULL;'haha';2025-04-16 15:30:21
23;22;NULL;'angry';2025-04-16 15:30:21
50;NULL;130;'love';2025-04-16 15:30:21
48;NULL;131;'sad';2025-04-16 15:30:21
31;NULL;131;'sad';2025-04-16 15:30:21
4;NULL;131;'love';2025-04-16 15:30:21
22;NULL;131;'love';2025-04-16 15:30:21
14;NULL;131;'love';2025-04-16 15:30:21
35;NULL;131;'wow';2025-04-16 15:30:21
16;NULL;131;'love';2025-04-16 15:30:21
29;NULL;131;'love';2025-04-16 15:30:21
14;NULL;132;'haha';2025-04-16 15:30:21
11;NULL;132;'sad';2025-04-16 15:30:21
48;NULL;132;'haha';2025-04-16 15:30:21
40;NULL;132;'angry';2025-04-16 15:30:21
1;NULL;133;'sad';2025-04-16 15:30:21
21;NULL;133;'angry';2025-04-16 15:30:21
25;NULL;133;'wow';2025-04-16 15:30:21
41;NULL;133;'angry';2025-04-16 15:30:21
33;NULL;134;'haha';2025-04-16 15:30:21
26;NULL;134;'haha';2025-04-16 15:30:21
33;NULL;134;'like';2025-04-16 15:30:21
40;NULL;134;'angry';2025-04-16 15:30:21
43;NULL;134;'like';2025-04-16 15:30:21
40;23;NULL;'angry';2025-04-16 15:30:21
31;23;NULL;'like';2025-04-16 15:30:21
23;23;NULL;'haha';2025-04-16 15:30:21
1;23;NULL;'like';2025-04-16 15:30:21
26;23;NULL;'haha';2025-04-16 15:30:21
5;23;NULL;'haha';2025-04-16 15:30:21
42;23;NULL;'love';2025-04-16 15:30:21
32;23;NULL;'like';2025-04-16 15:30:21
22;23;NULL;'love';2025-04-16 15:30:21
4;NULL;135;'love';2025-04-16 15:30:21
38;NULL;135;'sad';2025-04-16 15:30:21
15;NULL;135;'wow';2025-04-16 15:30:21
24;NULL;135;'love';2025-04-16 15:30:21
48;NULL;135;'angry';2025-04-16 15:30:21
9;NULL;135;'love';2025-04-16 15:30:21
16;NULL;135;'love';2025-04-16 15:30:21
50;NULL;135;'haha';2025-04-16 15:30:21
35;NULL;135;'love';2025-04-16 15:30:21
13;NULL;135;'haha';2025-04-16 15:30:21
19;NULL;136;'angry';2025-04-16 15:30:21
15;NULL;136;'wow';2025-04-16 15:30:21
10;NULL;136;'like';2025-04-16 15:30:21
32;NULL;136;'haha';2025-04-16 15:30:21
2;NULL;136;'sad';2025-04-16 15:30:21
5;NULL;136;'haha';2025-04-16 15:30:21
3;NULL;136;'haha';2025-04-16 15:30:21
33;NULL;136;'wow';2025-04-16 15:30:21
5;NULL;137;'sad';2025-04-16 15:30:21
15;NULL;137;'sad';2025-04-16 15:30:21
29;NULL;138;'haha';2025-04-16 15:30:21
36;NULL;138;'angry';2025-04-16 15:30:21
49;NULL;138;'wow';2025-04-16 15:30:21
41;NULL;138;'haha';2025-04-16 15:30:21
48;NULL;138;'wow';2025-04-16 15:30:21
16;NULL;138;'haha';2025-04-16 15:30:21
48;NULL;138;'love';2025-04-16 15:30:21
30;NULL;138;'wow';2025-04-16 15:30:21
6;NULL;138;'sad';2025-04-16 15:30:21
39;NULL;139;'love';2025-04-16 15:30:21
17;NULL;139;'angry';2025-04-16 15:30:21
9;NULL;139;'sad';2025-04-16 15:30:21
45;NULL;139;'angry';2025-04-16 15:30:21
29;NULL;139;'wow';2025-04-16 15:30:21
24;NULL;139;'sad';2025-04-16 15:30:21
1;NULL;140;'wow';2025-04-16 15:30:21
50;NULL;140;'love';2025-04-16 15:30:21
14;NULL;140;'sad';2025-04-16 15:30:21
11;NULL;140;'angry';2025-04-16 15:30:21
10;NULL;140;'sad';2025-04-16 15:30:21
39;24;NULL;'angry';2025-04-16 15:30:21
50;24;NULL;'wow';2025-04-16 15:30:21
30;24;NULL;'love';2025-04-16 15:30:21
13;24;NULL;'wow';2025-04-16 15:30:21
2;24;NULL;'love';2025-04-16 15:30:21
46;24;NULL;'wow';2025-04-16 15:30:21
33;24;NULL;'wow';2025-04-16 15:30:21
50;24;NULL;'like';2025-04-16 15:30:21
10;24;NULL;'angry';2025-04-16 15:30:21
15;24;NULL;'love';2025-04-16 15:30:21
23;NULL;141;'like';2025-04-16 15:30:21
39;NULL;141;'like';2025-04-16 15:30:21
28;NULL;141;'haha';2025-04-16 15:30:21
13;NULL;141;'angry';2025-04-16 15:30:21
6;NULL;141;'haha';2025-04-16 15:30:21
47;NULL;142;'sad';2025-04-16 15:30:21
29;NULL;142;'love';2025-04-16 15:30:21
39;NULL;142;'love';2025-04-16 15:30:21
40;NULL;142;'sad';2025-04-16 15:30:21
30;NULL;142;'sad';2025-04-16 15:30:21
22;NULL;142;'wow';2025-04-16 15:30:21
31;NULL;142;'haha';2025-04-16 15:30:21
35;NULL;142;'love';2025-04-16 15:30:21
30;NULL;142;'haha';2025-04-16 15:30:21
4;NULL;142;'like';2025-04-16 15:30:21
37;NULL;143;'sad';2025-04-16 15:30:21
23;NULL;143;'love';2025-04-16 15:30:21
29;NULL;143;'like';2025-04-16 15:30:21
24;NULL;143;'wow';2025-04-16 15:30:21
35;NULL;143;'like';2025-04-16 15:30:21
17;NULL;143;'sad';2025-04-16 15:30:21
16;NULL;143;'wow';2025-04-16 15:30:21
35;NULL;143;'love';2025-04-16 15:30:21
18;NULL;143;'wow';2025-04-16 15:30:21
5;NULL;143;'angry';2025-04-16 15:30:21
31;NULL;144;'love';2025-04-16 15:30:21
50;NULL;144;'haha';2025-04-16 15:30:21
19;NULL;144;'love';2025-04-16 15:30:21
1;NULL;144;'sad';2025-04-16 15:30:21
29;NULL;144;'love';2025-04-16 15:30:21
16;NULL;144;'like';2025-04-16 15:30:21
27;NULL;144;'love';2025-04-16 15:30:21
2;NULL;144;'angry';2025-04-16 15:30:21
25;NULL;144;'haha';2025-04-16 15:30:21
8;NULL;145;'like';2025-04-16 15:30:21
43;NULL;146;'wow';2025-04-16 15:30:21
39;NULL;146;'haha';2025-04-16 15:30:21
32;NULL;147;'sad';2025-04-16 15:30:21
50;NULL;147;'love';2025-04-16 15:30:21
31;NULL;147;'haha';2025-04-16 15:30:21
32;NULL;147;'sad';2025-04-16 15:30:21
36;NULL;147;'sad';2025-04-16 15:30:21
24;25;NULL;'like';2025-04-16 15:30:21
46;25;NULL;'sad';2025-04-16 15:30:21
13;25;NULL;'angry';2025-04-16 15:30:21
41;25;NULL;'wow';2025-04-16 15:30:21
5;25;NULL;'angry';2025-04-16 15:30:21
9;25;NULL;'angry';2025-04-16 15:30:21
47;25;NULL;'haha';2025-04-16 15:30:21
1;25;NULL;'sad';2025-04-16 15:30:21
28;25;NULL;'haha';2025-04-16 15:30:21
30;NULL;148;'like';2025-04-16 15:30:21
29;NULL;148;'love';2025-04-16 15:30:21
40;NULL;148;'like';2025-04-16 15:30:21
16;NULL;149;'like';2025-04-16 15:30:21
41;NULL;149;'wow';2025-04-16 15:30:21
37;NULL;149;'wow';2025-04-16 15:30:21
1;NULL;149;'like';2025-04-16 15:30:21
34;NULL;149;'like';2025-04-16 15:30:21
42;NULL;150;'angry';2025-04-16 15:30:21
39;NULL;150;'haha';2025-04-16 15:30:21
41;NULL;150;'haha';2025-04-16 15:30:21
36;NULL;150;'love';2025-04-16 15:30:21
15;NULL;151;'like';2025-04-16 15:30:21
10;NULL;151;'sad';2025-04-16 15:30:21
40;NULL;151;'angry';2025-04-16 15:30:21
31;NULL;151;'love';2025-04-16 15:30:21
20;NULL;151;'like';2025-04-16 15:30:21
12;NULL;151;'angry';2025-04-16 15:30:21
34;NULL;151;'wow';2025-04-16 15:30:21
26;NULL;151;'sad';2025-04-16 15:30:21
49;NULL;151;'love';2025-04-16 15:30:21
18;NULL;152;'sad';2025-04-16 15:30:21
45;NULL;152;'like';2025-04-16 15:30:21
32;NULL;152;'like';2025-04-16 15:30:21
1;NULL;152;'haha';2025-04-16 15:30:21
25;NULL;152;'angry';2025-04-16 15:30:21
27;NULL;153;'angry';2025-04-16 15:30:21
38;NULL;153;'like';2025-04-16 15:30:21
27;NULL;153;'haha';2025-04-16 15:30:21
1;NULL;153;'like';2025-04-16 15:30:21
49;NULL;153;'like';2025-04-16 15:30:21
48;NULL;154;'love';2025-04-16 15:30:21
20;NULL;154;'sad';2025-04-16 15:30:21
35;NULL;154;'sad';2025-04-16 15:30:21
24;NULL;154;'wow';2025-04-16 15:30:21
49;NULL;154;'angry';2025-04-16 15:30:21
24;NULL;154;'angry';2025-04-16 15:30:21
26;NULL;154;'love';2025-04-16 15:30:21
30;NULL;154;'haha';2025-04-16 15:30:21
32;NULL;154;'like';2025-04-16 15:30:21
1;NULL;155;'like';2025-04-16 15:30:21
14;NULL;155;'love';2025-04-16 15:30:21
1;NULL;155;'haha';2025-04-16 15:30:21
19;NULL;155;'angry';2025-04-16 15:30:21
49;NULL;155;'wow';2025-04-16 15:30:21
20;26;NULL;'sad';2025-04-16 15:30:21
11;26;NULL;'love';2025-04-16 15:30:21
40;26;NULL;'angry';2025-04-16 15:30:21
12;26;NULL;'sad';2025-04-16 15:30:21
49;26;NULL;'wow';2025-04-16 15:30:21
8;26;NULL;'like';2025-04-16 15:30:21
34;26;NULL;'wow';2025-04-16 15:30:21
27;26;NULL;'angry';2025-04-16 15:30:21
21;26;NULL;'sad';2025-04-16 15:30:21
24;NULL;156;'like';2025-04-16 15:30:21
5;NULL;156;'love';2025-04-16 15:30:21
4;NULL;157;'angry';2025-04-16 15:30:21
15;NULL;157;'haha';2025-04-16 15:30:21
6;NULL;157;'love';2025-04-16 15:30:21
20;NULL;157;'sad';2025-04-16 15:30:21
47;NULL;157;'love';2025-04-16 15:30:21
5;NULL;157;'angry';2025-04-16 15:30:21
20;NULL;157;'wow';2025-04-16 15:30:21
33;NULL;157;'haha';2025-04-16 15:30:21
39;NULL;157;'angry';2025-04-16 15:30:21
9;NULL;158;'like';2025-04-16 15:30:21
29;NULL;159;'haha';2025-04-16 15:30:21
23;NULL;159;'wow';2025-04-16 15:30:21
3;NULL;160;'like';2025-04-16 15:30:21
17;NULL;160;'love';2025-04-16 15:30:21
50;NULL;160;'wow';2025-04-16 15:30:21
15;27;NULL;'wow';2025-04-16 15:30:21
12;NULL;161;'wow';2025-04-16 15:30:21
26;NULL;161;'wow';2025-04-16 15:30:21
5;NULL;161;'love';2025-04-16 15:30:21
3;NULL;161;'love';2025-04-16 15:30:21
35;NULL;161;'sad';2025-04-16 15:30:21
2;NULL;161;'angry';2025-04-16 15:30:21
14;NULL;161;'wow';2025-04-16 15:30:21
31;NULL;161;'angry';2025-04-16 15:30:21
43;NULL;161;'like';2025-04-16 15:30:21
35;NULL;161;'sad';2025-04-16 15:30:21
9;NULL;162;'love';2025-04-16 15:30:21
49;NULL;163;'love';2025-04-16 15:30:21
42;NULL;163;'like';2025-04-16 15:30:21
19;NULL;163;'wow';2025-04-16 15:30:21
35;NULL;163;'wow';2025-04-16 15:30:21
11;NULL;163;'sad';2025-04-16 15:30:21
46;NULL;163;'angry';2025-04-16 15:30:21
29;NULL;163;'sad';2025-04-16 15:30:21
13;NULL;163;'sad';2025-04-16 15:30:21
45;NULL;163;'wow';2025-04-16 15:30:21
46;NULL;163;'like';2025-04-16 15:30:21
23;NULL;164;'like';2025-04-16 15:30:21
16;NULL;164;'haha';2025-04-16 15:30:21
11;NULL;164;'haha';2025-04-16 15:30:21
28;NULL;164;'like';2025-04-16 15:30:21
19;NULL;164;'like';2025-04-16 15:30:21
14;NULL;164;'haha';2025-04-16 15:30:21
10;NULL;164;'haha';2025-04-16 15:30:21
4;NULL;164;'haha';2025-04-16 15:30:21
2;NULL;164;'angry';2025-04-16 15:30:21
2;NULL;164;'wow';2025-04-16 15:30:21
26;NULL;165;'haha';2025-04-16 15:30:21
36;NULL;166;'wow';2025-04-16 15:30:21
8;NULL;167;'like';2025-04-16 15:30:21
27;NULL;167;'sad';2025-04-16 15:30:21
24;NULL;167;'angry';2025-04-16 15:30:21
4;NULL;167;'angry';2025-04-16 15:30:21
38;NULL;167;'like';2025-04-16 15:30:21
30;NULL;167;'like';2025-04-16 15:30:21
44;NULL;167;'haha';2025-04-16 15:30:21
15;NULL;167;'angry';2025-04-16 15:30:21
44;NULL;167;'love';2025-04-16 15:30:21
20;NULL;167;'wow';2025-04-16 15:30:21
23;28;NULL;'haha';2025-04-16 15:30:21
20;28;NULL;'haha';2025-04-16 15:30:21
48;28;NULL;'angry';2025-04-16 15:30:21
17;NULL;168;'sad';2025-04-16 15:30:21
29;NULL;168;'haha';2025-04-16 15:30:21
36;NULL;168;'sad';2025-04-16 15:30:21
13;NULL;168;'wow';2025-04-16 15:30:21
34;NULL;168;'haha';2025-04-16 15:30:21
23;NULL;168;'like';2025-04-16 15:30:21
46;NULL;168;'love';2025-04-16 15:30:21
44;NULL;169;'sad';2025-04-16 15:30:21
35;NULL;169;'angry';2025-04-16 15:30:21
7;NULL;170;'sad';2025-04-16 15:30:21
4;NULL;170;'wow';2025-04-16 15:30:21
16;NULL;170;'sad';2025-04-16 15:30:21
30;NULL;170;'angry';2025-04-16 15:30:21
2;NULL;170;'haha';2025-04-16 15:30:21
28;NULL;170;'love';2025-04-16 15:30:21
36;NULL;170;'haha';2025-04-16 15:30:21
38;NULL;171;'sad';2025-04-16 15:30:21
45;NULL;171;'haha';2025-04-16 15:30:21
4;NULL;171;'love';2025-04-16 15:30:21
2;NULL;171;'wow';2025-04-16 15:30:21
43;NULL;171;'haha';2025-04-16 15:30:21
9;NULL;171;'wow';2025-04-16 15:30:21
8;29;NULL;'haha';2025-04-16 15:30:21
40;29;NULL;'like';2025-04-16 15:30:21
20;29;NULL;'love';2025-04-16 15:30:21
44;29;NULL;'haha';2025-04-16 15:30:21
7;29;NULL;'sad';2025-04-16 15:30:21
4;29;NULL;'wow';2025-04-16 15:30:21
17;NULL;172;'sad';2025-04-16 15:30:21
47;NULL;172;'wow';2025-04-16 15:30:21
15;NULL;172;'haha';2025-04-16 15:30:21
29;NULL;172;'sad';2025-04-16 15:30:21
48;NULL;173;'wow';2025-04-16 15:30:21
27;NULL;173;'sad';2025-04-16 15:30:21
49;NULL;173;'sad';2025-04-16 15:30:21
16;NULL;173;'love';2025-04-16 15:30:21
1;NULL;174;'sad';2025-04-16 15:30:21
49;NULL;174;'love';2025-04-16 15:30:21
17;NULL;174;'sad';2025-04-16 15:30:21
49;NULL;174;'haha';2025-04-16 15:30:21
9;NULL;174;'wow';2025-04-16 15:30:21
9;NULL;174;'wow';2025-04-16 15:30:21
17;NULL;174;'love';2025-04-16 15:30:21
13;NULL;175;'angry';2025-04-16 15:30:21
1;NULL;175;'haha';2025-04-16 15:30:21
34;NULL;175;'sad';2025-04-16 15:30:21
38;NULL;175;'sad';2025-04-16 15:30:21
47;30;NULL;'wow';2025-04-16 15:30:21
24;30;NULL;'like';2025-04-16 15:30:21
20;30;NULL;'wow';2025-04-16 15:30:21
36;30;NULL;'like';2025-04-16 15:30:21
9;30;NULL;'sad';2025-04-16 15:30:21
34;30;NULL;'haha';2025-04-16 15:30:21
25;NULL;176;'angry';2025-04-16 15:30:21
43;NULL;176;'love';2025-04-16 15:30:21
28;NULL;176;'angry';2025-04-16 15:30:21
44;NULL;176;'like';2025-04-16 15:30:21
34;NULL;176;'haha';2025-04-16 15:30:21
38;NULL;176;'love';2025-04-16 15:30:21
35;NULL;176;'haha';2025-04-16 15:30:21
2;NULL;176;'sad';2025-04-16 15:30:21
49;NULL;176;'haha';2025-04-16 15:30:21
41;NULL;177;'wow';2025-04-16 15:30:21
21;NULL;177;'haha';2025-04-16 15:30:21
12;NULL;177;'sad';2025-04-16 15:30:21
47;NULL;177;'wow';2025-04-16 15:30:21
21;NULL;177;'wow';2025-04-16 15:30:21
20;NULL;177;'angry';2025-04-16 15:30:21
25;NULL;178;'haha';2025-04-16 15:30:21
29;NULL;178;'angry';2025-04-16 15:30:21
29;NULL;178;'wow';2025-04-16 15:30:21
7;NULL;178;'angry';2025-04-16 15:30:21
16;NULL;178;'haha';2025-04-16 15:30:21
32;NULL;178;'wow';2025-04-16 15:30:21
21;NULL;178;'wow';2025-04-16 15:30:21
50;NULL;179;'love';2025-04-16 15:30:21
28;NULL;180;'sad';2025-04-16 15:30:21
33;NULL;181;'angry';2025-04-16 15:30:21
40;NULL;181;'love';2025-04-16 15:30:21
24;NULL;182;'sad';2025-04-16 15:30:21
42;NULL;182;'love';2025-04-16 15:30:21
34;NULL;182;'haha';2025-04-16 15:30:21
7;NULL;182;'angry';2025-04-16 15:30:21
1;NULL;182;'sad';2025-04-16 15:30:21
24;NULL;182;'sad';2025-04-16 15:30:21
6;NULL;183;'like';2025-04-16 15:30:21
27;NULL;183;'sad';2025-04-16 15:30:21
39;NULL;183;'like';2025-04-16 15:30:21
7;NULL;183;'sad';2025-04-16 15:30:21
42;NULL;183;'angry';2025-04-16 15:30:21
12;NULL;183;'sad';2025-04-16 15:30:21
17;NULL;183;'sad';2025-04-16 15:30:21
43;NULL;183;'like';2025-04-16 15:30:21
9;NULL;183;'wow';2025-04-16 15:30:21
42;NULL;183;'haha';2025-04-16 15:30:21
8;NULL;184;'wow';2025-04-16 15:30:21
21;NULL;184;'wow';2025-04-16 15:30:21
27;NULL;184;'sad';2025-04-16 15:30:21
23;NULL;184;'sad';2025-04-16 15:30:21
19;NULL;184;'wow';2025-04-16 15:30:21
17;NULL;184;'wow';2025-04-16 15:30:21
20;NULL;184;'like';2025-04-16 15:30:21
47;NULL;184;'angry';2025-04-16 15:30:21
23;NULL;184;'wow';2025-04-16 15:30:21
6;NULL;185;'wow';2025-04-16 15:30:21
40;NULL;185;'like';2025-04-16 15:30:21
4;31;NULL;'love';2025-04-16 15:30:21
32;31;NULL;'sad';2025-04-16 15:30:21
15;31;NULL;'haha';2025-04-16 15:30:21
25;31;NULL;'haha';2025-04-16 15:30:21
45;NULL;186;'love';2025-04-16 15:30:21
29;NULL;186;'angry';2025-04-16 15:30:21
3;NULL;186;'angry';2025-04-16 15:30:21
42;NULL;186;'sad';2025-04-16 15:30:21
15;NULL;186;'angry';2025-04-16 15:30:21
16;NULL;186;'like';2025-04-16 15:30:21
20;NULL;186;'wow';2025-04-16 15:30:21
31;NULL;187;'sad';2025-04-16 15:30:21
9;NULL;187;'angry';2025-04-16 15:30:21
31;NULL;187;'sad';2025-04-16 15:30:21
38;NULL;187;'haha';2025-04-16 15:30:21
22;NULL;188;'wow';2025-04-16 15:30:21
50;NULL;188;'like';2025-04-16 15:30:21
6;NULL;188;'sad';2025-04-16 15:30:21
31;NULL;189;'like';2025-04-16 15:30:21
40;NULL;189;'love';2025-04-16 15:30:21
34;NULL;189;'haha';2025-04-16 15:30:21
24;NULL;189;'like';2025-04-16 15:30:21
45;NULL;189;'angry';2025-04-16 15:30:21
34;NULL;189;'love';2025-04-16 15:30:21
19;NULL;189;'love';2025-04-16 15:30:21
18;NULL;189;'love';2025-04-16 15:30:21
9;32;NULL;'love';2025-04-16 15:30:21
10;32;NULL;'wow';2025-04-16 15:30:21
26;32;NULL;'angry';2025-04-16 15:30:21
26;32;NULL;'wow';2025-04-16 15:30:21
24;32;NULL;'wow';2025-04-16 15:30:21
34;32;NULL;'sad';2025-04-16 15:30:21
39;32;NULL;'love';2025-04-16 15:30:21
8;32;NULL;'like';2025-04-16 15:30:21
4;32;NULL;'angry';2025-04-16 15:30:21
45;NULL;190;'like';2025-04-16 15:30:21
34;NULL;190;'like';2025-04-16 15:30:21
16;NULL;190;'wow';2025-04-16 15:30:21
27;NULL;190;'love';2025-04-16 15:30:21
4;NULL;190;'love';2025-04-16 15:30:21
40;NULL;191;'wow';2025-04-16 15:30:21
18;NULL;191;'love';2025-04-16 15:30:21
19;NULL;191;'haha';2025-04-16 15:30:21
33;NULL;191;'sad';2025-04-16 15:30:21
12;NULL;191;'wow';2025-04-16 15:30:21
41;NULL;191;'angry';2025-04-16 15:30:21
35;NULL;191;'sad';2025-04-16 15:30:21
16;NULL;191;'sad';2025-04-16 15:30:21
48;NULL;191;'like';2025-04-16 15:30:21
23;NULL;192;'angry';2025-04-16 15:30:21
21;NULL;192;'haha';2025-04-16 15:30:21
39;NULL;192;'like';2025-04-16 15:30:21
6;NULL;192;'sad';2025-04-16 15:30:21
33;NULL;192;'angry';2025-04-16 15:30:21
34;NULL;193;'haha';2025-04-16 15:30:21
34;NULL;193;'like';2025-04-16 15:30:21
12;NULL;193;'haha';2025-04-16 15:30:21
6;NULL;193;'wow';2025-04-16 15:30:21
16;NULL;193;'like';2025-04-16 15:30:21
6;NULL;193;'like';2025-04-16 15:30:21
20;NULL;194;'angry';2025-04-16 15:30:21
6;NULL;195;'angry';2025-04-16 15:30:21
4;NULL;196;'wow';2025-04-16 15:30:21
7;NULL;196;'wow';2025-04-16 15:30:21
40;NULL;196;'haha';2025-04-16 15:30:21
36;NULL;196;'sad';2025-04-16 15:30:21
12;NULL;196;'angry';2025-04-16 15:30:21
1;NULL;196;'wow';2025-04-16 15:30:21
39;NULL;196;'wow';2025-04-16 15:30:21
18;33;NULL;'love';2025-04-16 15:30:21
16;NULL;197;'sad';2025-04-16 15:30:21
45;NULL;197;'angry';2025-04-16 15:30:21
41;NULL;198;'haha';2025-04-16 15:30:21
16;NULL;198;'love';2025-04-16 15:30:21
8;NULL;198;'haha';2025-04-16 15:30:21
13;NULL;198;'wow';2025-04-16 15:30:21
43;NULL;198;'wow';2025-04-16 15:30:21
49;NULL;198;'like';2025-04-16 15:30:21
25;NULL;198;'sad';2025-04-16 15:30:21
26;NULL;199;'love';2025-04-16 15:30:21
44;NULL;199;'sad';2025-04-16 15:30:21
40;NULL;199;'haha';2025-04-16 15:30:21
25;NULL;199;'angry';2025-04-16 15:30:21
13;NULL;199;'like';2025-04-16 15:30:21
9;NULL;200;'like';2025-04-16 15:30:21
16;34;NULL;'sad';2025-04-16 15:30:21
19;34;NULL;'wow';2025-04-16 15:30:21
35;NULL;201;'sad';2025-04-16 15:30:21
9;NULL;201;'like';2025-04-16 15:30:21
18;NULL;201;'love';2025-04-16 15:30:21
48;NULL;201;'wow';2025-04-16 15:30:21
15;NULL;201;'angry';2025-04-16 15:30:21
1;NULL;201;'haha';2025-04-16 15:30:21
14;NULL;202;'love';2025-04-16 15:30:21
22;NULL;202;'love';2025-04-16 15:30:21
28;NULL;203;'wow';2025-04-16 15:30:21
21;NULL;203;'wow';2025-04-16 15:30:21
50;NULL;203;'like';2025-04-16 15:30:21
36;NULL;204;'haha';2025-04-16 15:30:21
40;NULL;205;'sad';2025-04-16 15:30:21
22;NULL;205;'angry';2025-04-16 15:30:21
15;NULL;205;'like';2025-04-16 15:30:21
44;NULL;205;'sad';2025-04-16 15:30:21
47;NULL;205;'angry';2025-04-16 15:30:21
35;NULL;205;'angry';2025-04-16 15:30:21
39;NULL;206;'angry';2025-04-16 15:30:21
20;NULL;206;'angry';2025-04-16 15:30:21
36;NULL;206;'haha';2025-04-16 15:30:21
35;NULL;206;'wow';2025-04-16 15:30:21
7;NULL;206;'wow';2025-04-16 15:30:21
23;NULL;206;'sad';2025-04-16 15:30:21
30;NULL;206;'angry';2025-04-16 15:30:21
47;NULL;206;'sad';2025-04-16 15:30:21
23;NULL;206;'like';2025-04-16 15:30:21
43;NULL;206;'like';2025-04-16 15:30:21
21;NULL;207;'sad';2025-04-16 15:30:21
19;NULL;208;'sad';2025-04-16 15:30:21
39;NULL;208;'angry';2025-04-16 15:30:21
48;NULL;208;'love';2025-04-16 15:30:21
